﻿<?xml version="1.0" encoding="utf-8" standalone="no" ?>
<modDesc descVersion="44">
    <author>Edward`s Modding</author>
    <version>1.0.0.0</version>
	<title>
        <en>Audi R8</en>
    </title>
    <description>
        <en>
            <![CDATA[Audi R8]]>
        </en>
        <de>
            <![CDATA[Audi R8]]>
        </de>
    </description>
    <iconFilename>store.dds</iconFilename>
	<multiplayer supported="true" />
	<extraSourceFiles>
		<sourceFile filename="Scripts/categorizer.lua" />
		<sourceFile filename="Scripts/ChangeModTitle.lua" />
    </extraSourceFiles>
	
	<newcategory name="edwardsmodding" title="Mods" type="VEHICLE" img="edwardsmodding.dds" />
	
	<changeModTitle modTitle="Mods by Edwards_Modding"/>
	
    <storeItems>
        <storeItem rootNode="vehicle" xmlFilename="audiR8.xml"/>
    </storeItems>
	<brands>
        <brand name="AUDI" title="R8" image="Brand.dds"/>
    </brands>
</modDesc>
